{
  "rasa_nlu_data": {
    "regex_features": [],
    "entity_synonyms": [
      {
        "value": "accrued interest",
        "synonyms": ["ACCRD_INTRST"]
      }
    ],
    "common_examples": [
      {
        "text": "hey", 
        "intent": "greet", 
        "entities": []
      }, 
      {
        "text": "howdy", 
        "intent": "greet", 
        "entities": []
      }, 
      {
        "text": "hey there",
        "intent": "greet", 
        "entities": []
      }, 
      {
        "text": "hello", 
        "intent": "greet", 
        "entities": []
      }, 
      {
        "text": "hi", 
        "intent": "greet", 
        "entities": []
      },
      {
        "text": "good morning",
        "intent": "greet",
        "entities": []
      },
      {
        "text": "good evening",
        "intent": "greet",
        "entities": []
      },
      {
        "text": "i'm looking for information about",
        "intent": "variable_search",
        "entities": []
      },
      {
        "text": "I want to see",
        "intent": "variable_search",
        "entities": []
      },
      {
        "text": "I am searching for information about",
        "intent": "variable_search",
        "entities": []
      },
      {
        "text": "I am searching for accrued interest",
        "intent": "variable_search",
        "entities": [
          {
            "start": 19,
            "end": 35,
            "value": "accrued interest",
            "entity": "search_term"
          }
        ]
      },
      {
        "text": "I am searching for information about accrued interest",
        "intent": "variable_search",
        "entities": [
          {
            "start": 37,
            "end": 53,
            "value": "accrued interest",
            "entity": "search_term"
          }
        ]
      },
      {
        "text": "I am looking for information about accrued interest",
        "intent": "variable_search",
        "entities": [
          {
            "start": 35,
            "end": 51,
            "value": "accrued interest",
            "entity": "search_term"
          }
        ]
      },
      {
        "text": "i'm looking for accrued interest",
        "intent": "variable_search",
        "entities": [
          {
            "start": 16,
            "end": 32,
            "value": "accrued interest",
            "entity": "search_term"
          }
        ]
      },        
      {
        "text": "show me accrued interest",
        "intent": "variable_search",
        "entities": [
          {
            "start": 8,
            "end": 24,
            "value": "accrued interest",
            "entity": "search_term"
          }
        ]
      },
      {
        "text": "define accrued interest",
        "intent": "variable_search",
        "entities": [
          {
            "start": 7,
            "end": 23,
            "value": "accrued interest",
            "entity": "search_term"
          }
        ]
      },
      {
        "text": "explain accrued interest",
        "intent": "variable_search",
        "entities": [
          {
            "start": 8,
            "end": 24,
            "value": "accrued interest",
            "entity": "search_term"
          }
        ]
      },
      {
        "text": "what is accrued interest",
        "intent": "variable_search",
        "entities": [
          {
            "start": 8,
            "end": 24,
            "value": "accrued interest",
            "entity": "search_term"
          }
        ]
      },
      {
       	"text": "Explain to me what accrued interest is",
        "intent": "variable_search",
        "entities": [
          {
            "start": 19,
            "end": 35,
            "value": "accrued interest",
            "entity": "search_term"
          }
	]
      },



      {
        "text": "bye", 
        "intent": "goodbye", 
        "entities": []
      }, 
      {
        "text": "goodbye", 
        "intent": "goodbye", 
        "entities": []
      }, 
      {
        "text": "good bye", 
        "intent": "goodbye", 
        "entities": []
      }, 
      {
        "text": "stop", 
        "intent": "goodbye", 
        "entities": []
      }, 
      {
        "text": "end", 
        "intent": "goodbye", 
        "entities": []
      },
      {
        "text": "farewell",
        "intent": "goodbye",
        "entities": []
      },
      {
        "text": "Bye bye",
        "intent": "goodbye",
        "entities": []
      },
      {
        "text": "have a good one",
        "intent": "goodbye",
        "entities": []
      }
    ]
  }
}

